[{"model": "admin.logentry", "pk": 1, "fields": {"action_time": "2021-06-02T16:38:50.662Z", "user": 1, "content_type": 10, "object_id": "1", "object_repr": "TestRezept1", "action_flag": 2, "change_message": "[{\"changed\": {\"fields\": [\"Image\"]}}]"}}, {"model": "admin.logentry", "pk": 2, "fields": {"action_time": "2021-06-04T21:58:18.271Z", "user": 1, "content_type": 10, "object_id": "3", "object_repr": "", "action_flag": 3, "change_message": ""}}, {"model": "admin.logentry", "pk": 3, "fields": {"action_time": "2021-06-04T22:42:39.945Z", "user": 1, "content_type": 10, "object_id": "12", "object_repr": "YES WE CAN", "action_flag": 3, "change_message": ""}}, {"model": "admin.logentry", "pk": 4, "fields": {"action_time": "2021-06-04T22:42:39.956Z", "user": 1, "content_type": 10, "object_id": "11", "object_repr": "YES WE CAN", "action_flag": 3, "change_message": ""}}, {"model": "admin.logentry", "pk": 5, "fields": {"action_time": "2021-06-04T22:42:39.964Z", "user": 1, "content_type": 10, "object_id": "10", "object_repr": "YES WE CAN", "action_flag": 3, "change_message": ""}}, {"model": "admin.logentry", "pk": 6, "fields": {"action_time": "2021-06-04T22:42:39.973Z", "user": 1, "content_type": 10, "object_id": "9", "object_repr": "YES WE CAN", "action_flag": 3, "change_message": ""}}, {"model": "admin.logentry", "pk": 7, "fields": {"action_time": "2021-06-04T22:42:39.983Z", "user": 1, "content_type": 10, "object_id": "8", "object_repr": "YES WE CAN", "action_flag": 3, "change_message": ""}}, {"model": "admin.logentry", "pk": 8, "fields": {"action_time": "2021-06-04T22:42:39.994Z", "user": 1, "content_type": 10, "object_id": "7", "object_repr": "YES WE CAN", "action_flag": 3, "change_message": ""}}, {"model": "admin.logentry", "pk": 9, "fields": {"action_time": "2021-06-04T22:42:40.016Z", "user": 1, "content_type": 10, "object_id": "6", "object_repr": "YES WE CAN", "action_flag": 3, "change_message": ""}}, {"model": "admin.logentry", "pk": 10, "fields": {"action_time": "2021-06-05T10:42:41.536Z", "user": 1, "content_type": 10, "object_id": "14", "object_repr": "YES WE CAN", "action_flag": 3, "change_message": ""}}, {"model": "admin.logentry", "pk": 11, "fields": {"action_time": "2021-06-05T10:42:41.551Z", "user": 1, "content_type": 10, "object_id": "13", "object_repr": "YES WE CAN", "action_flag": 3, "change_message": ""}}, {"model": "admin.logentry", "pk": 12, "fields": {"action_time": "2021-06-05T10:42:41.562Z", "user": 1, "content_type": 10, "object_id": "5", "object_repr": "Sosse", "action_flag": 3, "change_message": ""}}, {"model": "admin.logentry", "pk": 13, "fields": {"action_time": "2021-06-05T10:42:41.571Z", "user": 1, "content_type": 10, "object_id": "4", "object_repr": "TestRezept2", "action_flag": 3, "change_message": ""}}, {"model": "admin.logentry", "pk": 14, "fields": {"action_time": "2021-06-05T10:42:41.581Z", "user": 1, "content_type": 10, "object_id": "2", "object_repr": "Testrezept 2", "action_flag": 3, "change_message": ""}}, {"model": "admin.logentry", "pk": 15, "fields": {"action_time": "2021-06-05T10:42:41.589Z", "user": 1, "content_type": 10, "object_id": "1", "object_repr": "TestRezept1", "action_flag": 3, "change_message": ""}}, {"model": "admin.logentry", "pk": 16, "fields": {"action_time": "2021-06-05T10:58:26.681Z", "user": 1, "content_type": 10, "object_id": "1", "object_repr": "damn", "action_flag": 1, "change_message": "[{\"added\": {}}]"}}, {"model": "admin.logentry", "pk": 17, "fields": {"action_time": "2021-06-05T11:06:10.321Z", "user": 1, "content_type": 10, "object_id": "3", "object_repr": "dassa", "action_flag": 3, "change_message": ""}}, {"model": "admin.logentry", "pk": 18, "fields": {"action_time": "2021-06-07T19:25:46.708Z", "user": 1, "content_type": 4, "object_id": "3", "object_repr": "katerina", "action_flag": 3, "change_message": ""}}, {"model": "admin.logentry", "pk": 19, "fields": {"action_time": "2021-06-09T19:42:32.409Z", "user": 1, "content_type": 4, "object_id": "1", "object_repr": "test", "action_flag": 2, "change_message": "[{\"changed\": {\"fields\": [\"password\"]}}]"}}, {"model": "admin.logentry", "pk": 20, "fields": {"action_time": "2021-06-10T08:39:28.869Z", "user": 1, "content_type": 8, "object_id": "1", "object_repr": "salad meet", "action_flag": 1, "change_message": "[{\"added\": {}}]"}}, {"model": "admin.logentry", "pk": 21, "fields": {"action_time": "2021-06-10T08:40:59.568Z", "user": 1, "content_type": 10, "object_id": "8", "object_repr": "Salad", "action_flag": 3, "change_message": ""}}, {"model": "admin.logentry", "pk": 22, "fields": {"action_time": "2021-06-10T08:42:03.582Z", "user": 1, "content_type": 8, "object_id": "2", "object_repr": "meet for cake", "action_flag": 1, "change_message": "[{\"added\": {}}]"}}, {"model": "admin.logentry", "pk": 23, "fields": {"action_time": "2021-06-17T11:23:39.453Z", "user": 1, "content_type": 4, "object_id": "2", "object_repr": "Terrible", "action_flag": 2, "change_message": "[{\"changed\": {\"fields\": [\"password\"]}}]"}}, {"model": "admin.logentry", "pk": 24, "fields": {"action_time": "2021-06-17T11:29:59.028Z", "user": 1, "content_type": 10, "object_id": "6", "object_repr": "Kirschkuchen", "action_flag": 3, "change_message": ""}}, {"model": "admin.logentry", "pk": 25, "fields": {"action_time": "2021-06-17T11:29:59.038Z", "user": 1, "content_type": 10, "object_id": "4", "object_repr": "dassa12", "action_flag": 3, "change_message": ""}}, {"model": "admin.logentry", "pk": 26, "fields": {"action_time": "2021-06-17T11:29:59.052Z", "user": 1, "content_type": 10, "object_id": "2", "object_repr": "dassa", "action_flag": 3, "change_message": ""}}, {"model": "admin.logentry", "pk": 27, "fields": {"action_time": "2021-06-17T11:29:59.067Z", "user": 1, "content_type": 10, "object_id": "1", "object_repr": "damn", "action_flag": 3, "change_message": ""}}, {"model": "admin.logentry", "pk": 28, "fields": {"action_time": "2021-06-21T16:58:39.810Z", "user": 1, "content_type": 4, "object_id": "4", "object_repr": "chrisgou", "action_flag": 2, "change_message": "[{\"changed\": {\"fields\": [\"password\"]}}]"}}, {"model": "admin.logentry", "pk": 29, "fields": {"action_time": "2021-06-24T16:49:29.219Z", "user": 1, "content_type": 4, "object_id": "11", "object_repr": "again", "action_flag": 3, "change_message": ""}}, {"model": "admin.logentry", "pk": 30, "fields": {"action_time": "2021-06-24T16:49:35.159Z", "user": 1, "content_type": 4, "object_id": "10", "object_repr": "d", "action_flag": 3, "change_message": ""}}, {"model": "admin.logentry", "pk": 31, "fields": {"action_time": "2021-06-24T16:50:01.149Z", "user": 1, "content_type": 4, "object_id": "9", "object_repr": "sozz", "action_flag": 3, "change_message": ""}}, {"model": "admin.logentry", "pk": 32, "fields": {"action_time": "2021-06-24T16:50:06.973Z", "user": 1, "content_type": 4, "object_id": "5", "object_repr": "testuser2", "action_flag": 3, "change_message": ""}}, {"model": "admin.logentry", "pk": 33, "fields": {"action_time": "2021-06-24T16:50:10.468Z", "user": 1, "content_type": 4, "object_id": "7", "object_repr": "working", "action_flag": 3, "change_message": ""}}, {"model": "admin.logentry", "pk": 34, "fields": {"action_time": "2021-06-30T11:19:52.259Z", "user": 1, "content_type": 12, "object_id": "1", "object_repr": "3 by test for Terrible", "action_flag": 1, "change_message": "[{\"added\": {}}]"}}, {"model": "admin.logentry", "pk": 35, "fields": {"action_time": "2021-06-30T13:37:06.031Z", "user": 1, "content_type": 12, "object_id": "2", "object_repr": "4 by Terrible for test", "action_flag": 1, "change_message": "[{\"added\": {}}]"}}, {"model": "admin.logentry", "pk": 36, "fields": {"action_time": "2021-06-30T13:37:19.889Z", "user": 1, "content_type": 12, "object_id": "3", "object_repr": "3 by chrisgg for test", "action_flag": 1, "change_message": "[{\"added\": {}}]"}}, {"model": "admin.logentry", "pk": 37, "fields": {"action_time": "2021-06-30T13:54:51.064Z", "user": 1, "content_type": 8, "object_id": "2", "object_repr": "meet for cake", "action_flag": 2, "change_message": "[{\"changed\": {\"fields\": [\"Maximumparticipants\"]}}]"}}, {"model": "admin.logentry", "pk": 38, "fields": {"action_time": "2021-06-30T16:59:44.102Z", "user": 1, "content_type": 12, "object_id": "4", "object_repr": "4 by test for toast", "action_flag": 3, "change_message": ""}}, {"model": "admin.logentry", "pk": 39, "fields": {"action_time": "2021-06-30T17:08:08.064Z", "user": 1, "content_type": 12, "object_id": "7", "object_repr": "2 by toast for test", "action_flag": 3, "change_message": ""}}, {"model": "admin.logentry", "pk": 40, "fields": {"action_time": "2021-07-01T09:52:56.844Z", "user": 1, "content_type": 12, "object_id": "8", "object_repr": "4 by test for toast from meet for cake", "action_flag": 2, "change_message": "[{\"changed\": {\"fields\": [\"Rating\"]}}]"}}, {"model": "admin.logentry", "pk": 41, "fields": {"action_time": "2021-07-01T09:53:38.599Z", "user": 1, "content_type": 13, "object_id": "1", "object_repr": "Invite by test to Terrible for testmeet2 on 2021-06-19", "action_flag": 1, "change_message": "[{\"added\": {}}]"}}, {"model": "admin.logentry", "pk": 42, "fields": {"action_time": "2021-07-01T10:07:45.600Z", "user": 1, "content_type": 13, "object_id": "2", "object_repr": "Invite by chrisgou to test for DIS IS CAKE DAIIII on 2021-07-02", "action_flag": 1, "change_message": "[{\"added\": {}}]"}}, {"model": "auth.permission", "pk": 1, "fields": {"name": "Can add log entry", "content_type": 1, "codename": "add_logentry"}}, {"model": "auth.permission", "pk": 2, "fields": {"name": "Can change log entry", "content_type": 1, "codename": "change_logentry"}}, {"model": "auth.permission", "pk": 3, "fields": {"name": "Can delete log entry", "content_type": 1, "codename": "delete_logentry"}}, {"model": "auth.permission", "pk": 4, "fields": {"name": "Can view log entry", "content_type": 1, "codename": "view_logentry"}}, {"model": "auth.permission", "pk": 5, "fields": {"name": "Can add permission", "content_type": 2, "codename": "add_permission"}}, {"model": "auth.permission", "pk": 6, "fields": {"name": "Can change permission", "content_type": 2, "codename": "change_permission"}}, {"model": "auth.permission", "pk": 7, "fields": {"name": "Can delete permission", "content_type": 2, "codename": "delete_permission"}}, {"model": "auth.permission", "pk": 8, "fields": {"name": "Can view permission", "content_type": 2, "codename": "view_permission"}}, {"model": "auth.permission", "pk": 9, "fields": {"name": "Can add group", "content_type": 3, "codename": "add_group"}}, {"model": "auth.permission", "pk": 10, "fields": {"name": "Can change group", "content_type": 3, "codename": "change_group"}}, {"model": "auth.permission", "pk": 11, "fields": {"name": "Can delete group", "content_type": 3, "codename": "delete_group"}}, {"model": "auth.permission", "pk": 12, "fields": {"name": "Can view group", "content_type": 3, "codename": "view_group"}}, {"model": "auth.permission", "pk": 13, "fields": {"name": "Can add user", "content_type": 4, "codename": "add_user"}}, {"model": "auth.permission", "pk": 14, "fields": {"name": "Can change user", "content_type": 4, "codename": "change_user"}}, {"model": "auth.permission", "pk": 15, "fields": {"name": "Can delete user", "content_type": 4, "codename": "delete_user"}}, {"model": "auth.permission", "pk": 16, "fields": {"name": "Can view user", "content_type": 4, "codename": "view_user"}}, {"model": "auth.permission", "pk": 17, "fields": {"name": "Can add content type", "content_type": 5, "codename": "add_contenttype"}}, {"model": "auth.permission", "pk": 18, "fields": {"name": "Can change content type", "content_type": 5, "codename": "change_contenttype"}}, {"model": "auth.permission", "pk": 19, "fields": {"name": "Can delete content type", "content_type": 5, "codename": "delete_contenttype"}}, {"model": "auth.permission", "pk": 20, "fields": {"name": "Can view content type", "content_type": 5, "codename": "view_contenttype"}}, {"model": "auth.permission", "pk": 21, "fields": {"name": "Can add session", "content_type": 6, "codename": "add_session"}}, {"model": "auth.permission", "pk": 22, "fields": {"name": "Can change session", "content_type": 6, "codename": "change_session"}}, {"model": "auth.permission", "pk": 23, "fields": {"name": "Can delete session", "content_type": 6, "codename": "delete_session"}}, {"model": "auth.permission", "pk": 24, "fields": {"name": "Can view session", "content_type": 6, "codename": "view_session"}}, {"model": "auth.permission", "pk": 25, "fields": {"name": "Can add user", "content_type": 7, "codename": "add_user"}}, {"model": "auth.permission", "pk": 26, "fields": {"name": "Can change user", "content_type": 7, "codename": "change_user"}}, {"model": "auth.permission", "pk": 27, "fields": {"name": "Can delete user", "content_type": 7, "codename": "delete_user"}}, {"model": "auth.permission", "pk": 28, "fields": {"name": "Can view user", "content_type": 7, "codename": "view_user"}}, {"model": "auth.permission", "pk": 29, "fields": {"name": "Can add meets", "content_type": 8, "codename": "add_meets"}}, {"model": "auth.permission", "pk": 30, "fields": {"name": "Can change meets", "content_type": 8, "codename": "change_meets"}}, {"model": "auth.permission", "pk": 31, "fields": {"name": "Can delete meets", "content_type": 8, "codename": "delete_meets"}}, {"model": "auth.permission", "pk": 32, "fields": {"name": "Can view meets", "content_type": 8, "codename": "view_meets"}}, {"model": "auth.permission", "pk": 33, "fields": {"name": "Can add ingredients", "content_type": 9, "codename": "add_ingredients"}}, {"model": "auth.permission", "pk": 34, "fields": {"name": "Can change ingredients", "content_type": 9, "codename": "change_ingredients"}}, {"model": "auth.permission", "pk": 35, "fields": {"name": "Can delete ingredients", "content_type": 9, "codename": "delete_ingredients"}}, {"model": "auth.permission", "pk": 36, "fields": {"name": "Can view ingredients", "content_type": 9, "codename": "view_ingredients"}}, {"model": "auth.permission", "pk": 37, "fields": {"name": "Can add recipe", "content_type": 10, "codename": "add_recipe"}}, {"model": "auth.permission", "pk": 38, "fields": {"name": "Can change recipe", "content_type": 10, "codename": "change_recipe"}}, {"model": "auth.permission", "pk": 39, "fields": {"name": "Can delete recipe", "content_type": 10, "codename": "delete_recipe"}}, {"model": "auth.permission", "pk": 40, "fields": {"name": "Can view recipe", "content_type": 10, "codename": "view_recipe"}}, {"model": "auth.permission", "pk": 41, "fields": {"name": "Can add profile", "content_type": 11, "codename": "add_profile"}}, {"model": "auth.permission", "pk": 42, "fields": {"name": "Can change profile", "content_type": 11, "codename": "change_profile"}}, {"model": "auth.permission", "pk": 43, "fields": {"name": "Can delete profile", "content_type": 11, "codename": "delete_profile"}}, {"model": "auth.permission", "pk": 44, "fields": {"name": "Can view profile", "content_type": 11, "codename": "view_profile"}}, {"model": "auth.permission", "pk": 45, "fields": {"name": "Can add user rating", "content_type": 12, "codename": "add_userrating"}}, {"model": "auth.permission", "pk": 46, "fields": {"name": "Can change user rating", "content_type": 12, "codename": "change_userrating"}}, {"model": "auth.permission", "pk": 47, "fields": {"name": "Can delete user rating", "content_type": 12, "codename": "delete_userrating"}}, {"model": "auth.permission", "pk": 48, "fields": {"name": "Can view user rating", "content_type": 12, "codename": "view_userrating"}}, {"model": "auth.permission", "pk": 49, "fields": {"name": "Can add invite", "content_type": 13, "codename": "add_invite"}}, {"model": "auth.permission", "pk": 50, "fields": {"name": "Can change invite", "content_type": 13, "codename": "change_invite"}}, {"model": "auth.permission", "pk": 51, "fields": {"name": "Can delete invite", "content_type": 13, "codename": "delete_invite"}}, {"model": "auth.permission", "pk": 52, "fields": {"name": "Can view invite", "content_type": 13, "codename": "view_invite"}}, {"model": "auth.permission", "pk": 53, "fields": {"name": "Can add favourite", "content_type": 14, "codename": "add_favourite"}}, {"model": "auth.permission", "pk": 54, "fields": {"name": "Can change favourite", "content_type": 14, "codename": "change_favourite"}}, {"model": "auth.permission", "pk": 55, "fields": {"name": "Can delete favourite", "content_type": 14, "codename": "delete_favourite"}}, {"model": "auth.permission", "pk": 56, "fields": {"name": "Can view favourite", "content_type": 14, "codename": "view_favourite"}}, {"model": "auth.user", "pk": 1, "fields": {"password": "pbkdf2_sha256$260000$dNHcpgFCRq45AUac5vEp5y$Lpl4XIvvB39RQs1KOoJjCP3p6/WSsbZwlFiCfrO7Xnk=", "last_login": "2021-07-08T12:17:08.059Z", "is_superuser": true, "username": "test", "first_name": "", "last_name": "", "email": "test@test.com", "is_staff": true, "is_active": true, "date_joined": "2021-05-31T17:04:45.692Z", "groups": [], "user_permissions": []}}, {"model": "auth.user", "pk": 2, "fields": {"password": "pbkdf2_sha256$260000$t9M6UM69YpXcIGHe9sPvLD$dj9aI/G09f3jaBBlVJ8wkEBri4RgX9IfFEVehAtw0zo=", "last_login": null, "is_superuser": false, "username": "Terrible", "first_name": "", "last_name": "", "email": "test@test.com", "is_staff": false, "is_active": true, "date_joined": "2021-06-05T11:17:54.046Z", "groups": [], "user_permissions": []}}, {"model": "auth.user", "pk": 4, "fields": {"password": "pbkdf2_sha256$260000$cLNZlU4siBV8X91JCrlZzy$wkNy3MsuZJvzV41ZtpLWLhvN2VH9P+75Kvr40cJ2XKM=", "last_login": "2021-07-07T18:20:41.643Z", "is_superuser": false, "username": "chrisgou", "first_name": "christina", "last_name": "testing name", "email": "christina@c.c", "is_staff": false, "is_active": true, "date_joined": "2021-06-17T09:09:31.140Z", "groups": [], "user_permissions": []}}, {"model": "auth.user", "pk": 6, "fields": {"password": "pbkdf2_sha256$260000$yVccBG1k8Na3aVWrjpDazi$w2CvMDsG0FDCut7so+ApUEbisNfCwk1lDcsX3P1Eml0=", "last_login": "2021-06-30T18:16:31.643Z", "is_superuser": false, "username": "chrisgg", "first_name": "Olivia", "last_name": "R", "email": "ch@c.com", "is_staff": false, "is_active": true, "date_joined": "2021-06-24T15:45:20.426Z", "groups": [], "user_permissions": []}}, {"model": "auth.user", "pk": 8, "fields": {"password": "pbkdf2_sha256$260000$CP0e7ekGc4UR4rWxW2GFC3$faCCKjNq9ZVeG1ii3AtvI2eKqCV0hqiW39ETlMb+EGo=", "last_login": "2021-07-01T12:22:44.862Z", "is_superuser": true, "username": "test2", "first_name": "", "last_name": "", "email": "test@t.gr", "is_staff": true, "is_active": true, "date_joined": "2021-06-24T16:25:53.617Z", "groups": [], "user_permissions": []}}, {"model": "auth.user", "pk": 12, "fields": {"password": "pbkdf2_sha256$260000$benIZuVy8hWFLmhDvXS4ow$+N5qnspuVH0wIz5AhCG7BkascjRGqueiUl5vq2ZEPuk=", "last_login": "2021-06-30T17:02:25.379Z", "is_superuser": false, "username": "toast", "first_name": "", "last_name": "", "email": "toast@toast.com", "is_staff": false, "is_active": true, "date_joined": "2021-06-30T14:20:31.954Z", "groups": [], "user_permissions": []}}, {"model": "auth.user", "pk": 13, "fields": {"password": "pbkdf2_sha256$260000$DM2K0uDFGRho0bszIfdC6t$+h23p2QJ1Gag0rBtGTSvS4caRFhVcqJeuP2MvEcNp3Y=", "last_login": null, "is_superuser": false, "username": "Matin ", "first_name": "", "last_name": "", "email": "matinjalaeian@gmail.com", "is_staff": false, "is_active": true, "date_joined": "2021-07-07T01:59:28.692Z", "groups": [], "user_permissions": []}}, {"model": "auth.user", "pk": 14, "fields": {"password": "pbkdf2_sha256$260000$4pal828OwkYsjNH350lCr9$G+iVK4yiJoA/+mTgFkB6G6qRBp+qBSsbgcXk2nMJmqY=", "last_login": "2021-07-07T02:04:25.031Z", "is_superuser": false, "username": "Matin", "first_name": "", "last_name": "", "email": "matinjalaeian@gmail.com", "is_staff": false, "is_active": true, "date_joined": "2021-07-07T01:59:52.585Z", "groups": [], "user_permissions": []}}, {"model": "contenttypes.contenttype", "pk": 1, "fields": {"app_label": "admin", "model": "logentry"}}, {"model": "contenttypes.contenttype", "pk": 2, "fields": {"app_label": "auth", "model": "permission"}}, {"model": "contenttypes.contenttype", "pk": 3, "fields": {"app_label": "auth", "model": "group"}}, {"model": "contenttypes.contenttype", "pk": 4, "fields": {"app_label": "auth", "model": "user"}}, {"model": "contenttypes.contenttype", "pk": 5, "fields": {"app_label": "contenttypes", "model": "contenttype"}}, {"model": "contenttypes.contenttype", "pk": 6, "fields": {"app_label": "sessions", "model": "session"}}, {"model": "contenttypes.contenttype", "pk": 7, "fields": {"app_label": "CookSpot", "model": "user"}}, {"model": "contenttypes.contenttype", "pk": 8, "fields": {"app_label": "CookSpot", "model": "meets"}}, {"model": "contenttypes.contenttype", "pk": 9, "fields": {"app_label": "CookSpot", "model": "ingredients"}}, {"model": "contenttypes.contenttype", "pk": 10, "fields": {"app_label": "CookSpot", "model": "recipe"}}, {"model": "contenttypes.contenttype", "pk": 11, "fields": {"app_label": "CookSpot", "model": "profile"}}, {"model": "contenttypes.contenttype", "pk": 12, "fields": {"app_label": "CookSpot", "model": "userrating"}}, {"model": "contenttypes.contenttype", "pk": 13, "fields": {"app_label": "CookSpot", "model": "invite"}}, {"model": "contenttypes.contenttype", "pk": 14, "fields": {"app_label": "CookSpot", "model": "favourite"}}, {"model": "sessions.session", "pk": "1v5frcz6y9skcz1cvwcybix61ptavzpt", "fields": {"session_data": "e30:1lwS1T:XHMsV5vbH0XVMrnPUxN398WwGGePnTBMxzBdoY86nzA", "expire_date": "2021-07-08T16:16:11.987Z"}}, {"model": "sessions.session", "pk": "4gzi8tjih6b75lgw6m026wdgyeaw6wq0", "fields": {"session_data": ".eJxVjL0OwjAQg98lM4ryT8LIzjNEl16OFFAjNe2EeHcSqQMM9uDP9ptF2LcS95bXOCO7MMlOv1mC6ZmXAfABy73yqS7bOic-Kvygjd8q5tf16P4dFGilr52RpFWisyKnQ7AOdLIGhwA8GVQee4KT9MGT7m4FCSEpeINSGvb5AtkPN08:1ltpuD:Is4EvU7BeXAPDpjTterEtZzzPAheYnEXwSMJIBRwWPc", "expire_date": "2021-07-01T11:09:53.010Z"}}, {"model": "sessions.session", "pk": "79sanwrpjdpkw3cd9a5lu8xlblfkylgt", "fields": {"session_data": ".eJxVjL0OwjAQg98lM4ryT8LIzjNEl16OFFAjNe2EeHcSqQMM9uDP9ptF2LcS95bXOCO7MMlOv1mC6ZmXAfABy73yqS7bOic-Kvygjd8q5tf16P4dFGilr52RpFWisyKnQ7AOdLIGhwA8GVQee4KT9MGT7m4FCSEpeINSGvb5AtkPN08:1lydgn:dVXtgG8cjE5Y51OUgem1zqeI2wERjW50DZJ965M_TB0", "expire_date": "2021-07-14T17:07:53.342Z"}}, {"model": "sessions.session", "pk": "8mb0av82mclc5rb1pj6hoco8e97zvdkj", "fields": {"session_data": ".eJxVjEEOwiAQRe_C2hBIYTrj0r1nIAMMUjU0Ke3KeHdt0oVu_3vvv1Tgba1h67KEKauzcur0u0VOD2k7yHdut1mnua3LFPWu6IN2fZ2zPC-H-3dQuddv7UtyktmQlZTRkS3iDUBBP8poIBfDYAYvJAgO0DliQkIEGqyJJar3B-nbN3U:1lwTJn:5X6_S_G7ZBfeTkO6YJU-S-M63sivE62zw25toxw-MfU", "expire_date": "2021-07-08T17:39:11.925Z"}}, {"model": "sessions.session", "pk": "fswl8c3qm8fiyxnkrdzzekak81ng8pxp", "fields": {"session_data": ".eJxVjEEOwiAQRe_C2hCGMiAu3fcMhBmoVA0kpV0Z765NutDtf-_9lwhxW0vYel7CnMRFWHH63SjyI9cdpHustya51XWZSe6KPGiXY0v5eT3cv4MSe_nWFD0TswUL7IbsEBQBuclrB_6cmAwmVJYZedAGlc6oMk7gbbLaaC_eH-y1N3A:1lyelD:O4SvEZ4eDpjoPdHTPSSA1YIjCkrshuQv1W7yEzBmlFg", "expire_date": "2021-07-14T18:16:31.658Z"}}, {"model": "sessions.session", "pk": "hdn6y4nnf6lb2044y739biu4mn0jkx2y", "fields": {"session_data": ".eJxVjEEOwiAQRe_C2hBIYTrj0r1nIAMMUjU0Ke3KeHdt0oVu_3vvv1Tgba1h67KEKauzcur0u0VOD2k7yHdut1mnua3LFPWu6IN2fZ2zPC-H-3dQuddv7UtyktmQlZTRkS3iDUBBP8poIBfDYAYvJAgO0DliQkIEGqyJJar3B-nbN3U:1m1CA5:M2u0lhTocdaZjAOpxugYqlifmlfd66gWi2a7pX5phuo", "expire_date": "2021-07-21T18:20:41.652Z"}}, {"model": "sessions.session", "pk": "ian51bzdftchvoc15a6uermlmmuv4x02", "fields": {"session_data": "e30:1lwSGK:xjzCZtFuMxtp5mmndSPT4sUocsGl_P_8ifqzSu3A7Bk", "expire_date": "2021-07-08T16:31:32.245Z"}}, {"model": "sessions.session", "pk": "imqdct0wt10n98r3exda3udob7v7cxbv", "fields": {"session_data": "e30:1lwRxA:3zbzxCbs8uIOAt3s46paeVzCbmcTqT4I3vBpci76LZM", "expire_date": "2021-07-08T16:11:44.353Z"}}, {"model": "sessions.session", "pk": "mcjfvtmzpopw048da3cez24gdb38soww", "fields": {"session_data": ".eJxVjEEOwiAQRe_C2hBIYTrj0r1nIAMMUjU0Ke3KeHdt0oVu_3vvv1Tgba1h67KEKauzcur0u0VOD2k7yHdut1mnua3LFPWu6IN2fZ2zPC-H-3dQuddv7UtyktmQlZTRkS3iDUBBP8poIBfDYAYvJAgO0DliQkIEGqyJJar3B-nbN3U:1lyw2s:yyC8gSf5jn0NpcipfiHniCzyJcH_w8xG3prh8wHWZlI", "expire_date": "2021-07-15T12:43:54.046Z"}}, {"model": "sessions.session", "pk": "n4586c85xc9gubr7rwt2g2pccjhg31mi", "fields": {"session_data": ".eJxVjDsOwjAQBe_iGln-fyjpOYO19m5wANlSnFSIu0OkFNC-mXkvlmBba9oGLWlGdmaSnX63DOVBbQd4h3brvPS2LnPmu8IPOvi1Iz0vh_t3UGHUb-1U9EqQ1QJDzDoKQhuENLKIQsZ6lEZPBZx0kKO30nvKICKiKipknNj7A71AN5w:1lnlLZ:EZsyHwcS1yuy_J0GOEvuWWmPWQUMmwdZkkcEGKHbI4A", "expire_date": "2021-06-14T17:05:01.534Z"}}, {"model": "sessions.session", "pk": "p3w0i7924i2scagd19av3gng0877hkf0", "fields": {"session_data": ".eJxVjL0OwjAQg98lM4ryT8LIzjNEl16OFFAjNe2EeHcSqQMM9uDP9ptF2LcS95bXOCO7MMlOv1mC6ZmXAfABy73yqS7bOic-Kvygjd8q5tf16P4dFGilr52RpFWisyKnQ7AOdLIGhwA8GVQee4KT9MGT7m4FCSEpeINSGvb5AtkPN08:1m1Sxo:0kGvIsWav1IvhgQdVy4HqtXiYmSMMo0NWFqJy4SuINY", "expire_date": "2021-07-22T12:17:08.081Z"}}, {"model": "sessions.session", "pk": "p8dssymgyfhbw0pv4kzshmnshlt0vafl", "fields": {"session_data": ".eJxVjL0OwjAQg98lM4ryT8LIzjNEl16OFFAjNe2EeHcSqQMM9uDP9ptF2LcS95bXOCO7MMlOv1mC6ZmXAfABy73yqS7bOic-Kvygjd8q5tf16P4dFGilr52RpFWisyKnQ7AOdLIGhwA8GVQee4KT9MGT7m4FCSEpeINSGvb5AtkPN08:1lr4me:Ja18ASG3xmMB165KGYrdgflD3H8GyE9rjkWEHQ8dg7s", "expire_date": "2021-06-23T20:26:40.855Z"}}, {"model": "sessions.session", "pk": "qe4f1857wiekiqsz7d489qt3eepbeq8f", "fields": {"session_data": "e30:1lwS6u:uLhmv2i4QUgf2qCFUfAm5_nFcSJoNV9GGqlQS2WjCL4", "expire_date": "2021-07-08T16:21:48.150Z"}}, {"model": "sessions.session", "pk": "s89tk41la5dscntjtv25c71jkz3h07bo", "fields": {"session_data": ".eJxVjL0OwjAQg98lM4ryT8LIzjNEl16OFFAjNe2EeHcSqQMM9uDP9ptF2LcS95bXOCO7MMlOv1mC6ZmXAfABy73yqS7bOic-Kvygjd8q5tf16P4dFGilr52RpFWisyKnQ7AOdLIGhwA8GVQee4KT9MGT7m4FCSEpeINSGvb5AtkPN08:1ltnpS:OlZ520UJ-HBPBvQ2a6y_SYosYjjwSzg7WiJorIX_084", "expire_date": "2021-07-01T08:56:50.365Z"}}, {"model": "sessions.session", "pk": "uoq14wk9gs5kumsuwwn93c68bstrnmwa", "fields": {"session_data": ".eJxVjE0OgjAYRO_StWnoP3XpnjOQab9WUNMmFFbGuwsJC13OvDfzZiO2dRq3lpZxJnZlQrPLbxkQn6kchB4o98pjLesyB34o_KSND5XS63a6fwcT2rSvoQGkbHXuBHrKCraT2pE20SHaPUolMskQfd856XoyJsHH4KEyPLHPFyiPOO0:1m0wvJ:PScBFHguTDLEOfkFxBa9zf9k3bbNaFw_uRE5_32X3qE", "expire_date": "2021-07-21T02:04:25.037Z"}}, {"model": "sessions.session", "pk": "vkejtmpzny0az735a90es6vs9pcshwtf", "fields": {"session_data": ".eJxVjL0OwjAQg98lM4ryT8LIzjNEl16OFFAjNe2EeHcSqQMM9uDP9ptF2LcS95bXOCO7MMlOv1mC6ZmXAfABy73yqS7bOic-Kvygjd8q5tf16P4dFGilr52RpFWisyKnQ7AOdLIGhwA8GVQee4KT9MGT7m4FCSEpeINSGvb5AtkPN08:1lsq2w:jiEGLX9aFbH1e4d2TtCRw3Hu1pIsj5lp-a2vg3nqH40", "expire_date": "2021-06-28T17:06:46.519Z"}}, {"model": "sessions.session", "pk": "znq4bvbilrw7z3ahhwl1nx71qy4cm1p3", "fields": {"session_data": ".eJxVjL0OwjAQg98lM4ryT8LIzjNEl16OFFAjNe2EeHcSqQMM9uDP9ptF2LcS95bXOCO7MMlOv1mC6ZmXAfABy73yqS7bOic-Kvygjd8q5tf16P4dFGilr52RpFWisyKnQ7AOdLIGhwA8GVQee4KT9MGT7m4FCSEpeINSGvb5AtkPN08:1ltqCi:x-AHvVR5U_Dqo9UrAUVtxnuqLC8PhHY1j5RN1Jlysaw", "expire_date": "2021-07-01T11:29:00.758Z"}}, {"model": "CookSpot.profile", "pk": 1, "fields": {"user": 6, "birth_date": null, "bio": "", "profile_photo": ""}}, {"model": "CookSpot.profile", "pk": 3, "fields": {"user": 8, "birth_date": null, "bio": "", "profile_photo": ""}}, {"model": "CookSpot.profile", "pk": 5, "fields": {"user": 1, "birth_date": null, "bio": "", "profile_photo": ""}}, {"model": "CookSpot.profile", "pk": 6, "fields": {"user": 2, "birth_date": null, "bio": "", "profile_photo": ""}}, {"model": "CookSpot.profile", "pk": 7, "fields": {"user": 4, "birth_date": null, "bio": "Just trying to live life", "profile_photo": "https://image.shutterstock.com/image-photo/heartbroken-young-woman-eating-ice-600w-1828811102.jpg"}}, {"model": "CookSpot.profile", "pk": 11, "fields": {"user": 12, "birth_date": null, "bio": "", "profile_photo": ""}}, {"model": "CookSpot.profile", "pk": 12, "fields": {"user": 13, "birth_date": null, "bio": "", "profile_photo": ""}}, {"model": "CookSpot.profile", "pk": 13, "fields": {"user": 14, "birth_date": null, "bio": "", "profile_photo": ""}}, {"model": "CookSpot.recipe", "pk": 5, "fields": {"user": 2, "name": "First attempt", "description": "", "image": "", "tags": "", "difficulty": "none", "preparationtime": "", "cookingtime": "", "instructions": ""}}, {"model": "CookSpot.recipe", "pk": 7, "fields": {"user": 1, "name": "Kirschkuchen Verbesset", "description": "Sehr leckerer Kirschkuchen", "image": "", "tags": "kuche, kirschen, spaß", "difficulty": "Difficult", "preparationtime": "20min", "cookingtime": "45min", "instructions": "In den Ofen damit."}}, {"model": "CookSpot.recipe", "pk": 9, "fields": {"user": 1, "name": "cake", "description": "cake", "image": "", "tags": "cake", "difficulty": "Intermediate", "preparationtime": "30", "cookingtime": "32", "instructions": "mix and bake"}}, {"model": "CookSpot.recipe", "pk": 10, "fields": {"user": 1, "name": "Spanakopita", "description": "spinch", "image": "", "tags": "greek grandma", "difficulty": "Professional", "preparationtime": "00:50", "cookingtime": "1:20", "instructions": "mix and bake and make fyllo"}}, {"model": "CookSpot.recipe", "pk": 11, "fields": {"user": 1, "name": "Zazaiki", "description": "recipe to test url", "image": "", "tags": "", "difficulty": "none", "preparationtime": "", "cookingtime": "", "instructions": "Add as many cloves garlic as you can handle"}}, {"model": "CookSpot.recipe", "pk": 12, "fields": {"user": 1, "name": "tz", "description": "", "image": "https://d3fch0cwivr6nf.cloudfront.net/system/uploads/medium/data/8303/akis-petretzikis-tzatziki2.jpg", "tags": "", "difficulty": "none", "preparationtime": "", "cookingtime": "", "instructions": ""}}, {"model": "CookSpot.recipe", "pk": 15, "fields": {"user": 4, "name": "Pancakes", "description": "thanks mom for teaching me", "image": "https://image.shutterstock.com/image-photo/sweet-homemade-stack-pancakes-butter-600w-791630443.jpg", "tags": "breakfast, sweet, salty, easy, tasty", "difficulty": "None", "preparationtime": "10", "cookingtime": "20", "instructions": "Combine the dry ingredients in a bowl. Beat the two eggs together and add to the dry ingredients. Mix. Add the milk and mix. The batter should not be too runny/liquid but also not very firm. find the middle. Heat a pan with some butter and add a spoonful of the pancake batter. Wait until bubbles form and flip. Take out with a spatula. Repeat. You can add any toppings to the cooked pancakes. Enjoy :)"}}, {"model": "CookSpot.ingredients", "pk": 8, "fields": {"recipe": 7, "name": "Kirschen", "amount": "200g"}}, {"model": "CookSpot.ingredients", "pk": 9, "fields": {"recipe": 7, "name": "Eier", "amount": "4g"}}, {"model": "CookSpot.ingredients", "pk": 10, "fields": {"recipe": 9, "name": "eggs", "amount": "2p"}}, {"model": "CookSpot.ingredients", "pk": 11, "fields": {"recipe": 9, "name": "flour", "amount": "100g"}}, {"model": "CookSpot.ingredients", "pk": 12, "fields": {"recipe": 10, "name": "spinach", "amount": "1000g"}}, {"model": "CookSpot.ingredients", "pk": 13, "fields": {"recipe": 10, "name": "feta", "amount": "100g"}}, {"model": "CookSpot.ingredients", "pk": 14, "fields": {"recipe": 10, "name": "", "amount": "Choose..."}}, {"model": "CookSpot.ingredients", "pk": 15, "fields": {"recipe": 10, "name": "", "amount": "Choose..."}}, {"model": "CookSpot.ingredients", "pk": 16, "fields": {"recipe": 10, "name": "", "amount": "Choose..."}}, {"model": "CookSpot.ingredients", "pk": 17, "fields": {"recipe": 11, "name": "yogurt", "amount": "200g"}}, {"model": "CookSpot.ingredients", "pk": 18, "fields": {"recipe": 11, "name": "cucumber", "amount": "1p"}}, {"model": "CookSpot.ingredients", "pk": 19, "fields": {"recipe": 11, "name": "garlic", "amount": "4p"}}, {"model": "CookSpot.ingredients", "pk": 20, "fields": {"recipe": 15, "name": "flour", "amount": "1c"}}, {"model": "CookSpot.ingredients", "pk": 21, "fields": {"recipe": 15, "name": "milk", "amount": "1c"}}, {"model": "CookSpot.ingredients", "pk": 22, "fields": {"recipe": 15, "name": "eggs", "amount": "2p"}}, {"model": "CookSpot.ingredients", "pk": 23, "fields": {"recipe": 15, "name": "baking powder", "amount": "1tsp"}}, {"model": "CookSpot.ingredients", "pk": 24, "fields": {"recipe": 15, "name": "salt", "amount": "1p"}}, {"model": "CookSpot.meets", "pk": 2, "fields": {"user": 1, "recipe": 9, "maximumparticipants": 6, "name": "meet for cake", "date": "2021-06-24", "desc": "bake together", "location": "my place", "participants": [1, 12]}}, {"model": "CookSpot.meets", "pk": 4, "fields": {"user": 1, "recipe": 11, "maximumparticipants": null, "name": "testmeet", "date": "2021-06-19", "desc": "", "location": "my place", "participants": []}}, {"model": "CookSpot.meets", "pk": 5, "fields": {"user": 1, "recipe": 11, "maximumparticipants": null, "name": "testmeet2", "date": "2021-06-19", "desc": "", "location": "my place", "participants": []}}, {"model": "CookSpot.meets", "pk": 6, "fields": {"user": 1, "recipe": 9, "maximumparticipants": 5, "name": "DIS IS CAKE DAIIII", "date": "2021-07-02", "desc": "yes cek", "location": "my place", "participants": [1, 12]}}, {"model": "CookSpot.userrating", "pk": 1, "fields": {"fromuser": 1, "touser": 2, "meet": null, "rating": 3}}, {"model": "CookSpot.userrating", "pk": 2, "fields": {"fromuser": 2, "touser": 1, "meet": null, "rating": 3}}, {"model": "CookSpot.userrating", "pk": 3, "fields": {"fromuser": 6, "touser": 1, "meet": null, "rating": 3}}, {"model": "CookSpot.userrating", "pk": 5, "fields": {"fromuser": 1, "touser": 12, "meet": 6, "rating": 4}}, {"model": "CookSpot.userrating", "pk": 6, "fields": {"fromuser": 12, "touser": 1, "meet": 2, "rating": 3}}, {"model": "CookSpot.userrating", "pk": 8, "fields": {"fromuser": 1, "touser": 12, "meet": 2, "rating": 4}}, {"model": "CookSpot.invite", "pk": 1, "fields": {"fromuser": 1, "touser": 2, "meet": 5}}, {"model": "CookSpot.invite", "pk": 2, "fields": {"fromuser": 4, "touser": 1, "meet": 6}}, {"model": "CookSpot.favourite", "pk": 3, "fields": {"user": 14, "recipe": null, "cookfav": 12}}, {"model": "CookSpot.favourite", "pk": 4, "fields": {"user": 14, "recipe": null, "cookfav": 4}}, {"model": "CookSpot.favourite", "pk": 5, "fields": {"user": 14, "recipe": null, "cookfav": 2}}, {"model": "CookSpot.favourite", "pk": 7, "fields": {"user": 14, "recipe": 12, "cookfav": null}}, {"model": "CookSpot.favourite", "pk": 8, "fields": {"user": 14, "recipe": 10, "cookfav": null}}, {"model": "CookSpot.favourite", "pk": 10, "fields": {"user": 4, "recipe": null, "cookfav": 14}}]